{"cameraMode":{"drawMode":0,"name":"Shaded","section":"Shading Mode"},"sceneLighting":true,"audioPlay":false,"sceneViewState":{"showFog":false,"showMaterialUpdate":false,"showSkybox":false,"showFlares":false,"showImageEffects":false,"showParticleSystems":false},"in2DMode":false,"pivot":{"x":-4.077256679534912,"y":-0.739213228225708,"z":-4.167663097381592},"rotation":{"x":-0.11003442108631134,"y":0.8869723081588745,"z":-0.2761324346065521,"w":-0.35344457626342776},"size":12.066754341125489,"orthographic":false}