{"cameraMode":{"drawMode":0,"name":"Shaded","section":"Shading Mode"},"sceneLighting":true,"audioPlay":false,"sceneViewState":{"showFog":false,"showMaterialUpdate":false,"showSkybox":false,"showFlares":false,"showImageEffects":false,"showParticleSystems":false},"in2DMode":false,"pivot":{"x":-7.739299297332764,"y":20.449583053588868,"z":-28.33250617980957},"rotation":{"x":-0.19993722438812257,"y":0.012342805042862893,"z":-0.0025189495645463468,"w":-0.9797284007072449},"size":79.30648040771485,"orthographic":false}