{"cameraMode":{"drawMode":0,"name":"Shaded","section":"Shading Mode"},"sceneLighting":true,"audioPlay":false,"sceneViewState":{"showFog":false,"showMaterialUpdate":false,"showSkybox":false,"showFlares":false,"showImageEffects":false,"showParticleSystems":false},"in2DMode":false,"pivot":{"x":0.10711117833852768,"y":-1.8836933374404908,"z":-16.330562591552736},"rotation":{"x":-0.244027242064476,"y":-0.40148627758026125,"z":0.11196920275688172,"w":-0.8756894469261169},"size":10.715838432312012,"orthographic":false}