{"cameraMode":{"drawMode":0,"name":"Shaded","section":"Shading Mode"},"sceneLighting":true,"audioPlay":false,"sceneViewState":{"showFog":false,"showMaterialUpdate":false,"showSkybox":false,"showFlares":false,"showImageEffects":false,"showParticleSystems":false},"in2DMode":false,"pivot":{"x":22.798606872558595,"y":-33.20435333251953,"z":-68.71317291259766},"rotation":{"x":-0.06262568384408951,"y":-0.9370140433311462,"z":0.25661635398864748,"w":-0.2287011295557022},"size":67.14036560058594,"orthographic":false}