{"cameraMode":{"drawMode":0,"name":"Shaded","section":"Shading Mode"},"sceneLighting":true,"audioPlay":false,"sceneViewState":{"showFog":false,"showMaterialUpdate":false,"showSkybox":false,"showFlares":false,"showImageEffects":false,"showParticleSystems":false},"in2DMode":false,"pivot":{"x":12.561051368713379,"y":-8.112013816833496,"z":-23.216205596923829},"rotation":{"x":-0.1549685299396515,"y":-0.7686164975166321,"z":0.20309242606163026,"w":-0.586607038974762},"size":23.522226333618165,"orthographic":false}