{"cameraMode":{"drawMode":0,"name":"Shaded","section":"Shading Mode"},"sceneLighting":true,"audioPlay":false,"sceneViewState":{"showFog":false,"showMaterialUpdate":false,"showSkybox":false,"showFlares":false,"showImageEffects":false,"showParticleSystems":false},"in2DMode":false,"pivot":{"x":552.6959838867188,"y":-240.0215301513672,"z":261.73773193359377},"rotation":{"x":-0.1627260446548462,"y":-0.5043039321899414,"z":0.0974111407995224,"w":-0.8424465656280518},"size":766.7603759765625,"orthographic":false}